cliente_id,total_compras,qtd_compras,ticket_medio,dias_desde_ultima_compra,dias_desde_primeira_compra,categorias_distintas,dias_desde_cadastro,churn,segmento_Premium,segmento_Regular,segmento_VIP,regiao_Nordeste,regiao_Norte,regiao_Sudeste,categoria_preferida_Acessorios,categoria_preferida_Eletronicos,categoria_preferida_Escritorio,categoria_preferida_Livros,categoria_preferida_Moveis
1,3942.4700000000003,7,563.21,81,486,3,494,1,False,True,False,False,False,True,False,False,False,False,True
2,14683.789999999999,13,1129.5223076923075,67,340,5,585,1,False,False,True,False,True,False,False,True,False,False,False
3,15980.81,10,1598.081,100,451,4,556,0,False,True,False,True,False,False,False,True,False,False,False
4,1492.21,3,497.40333333333336,63,508,3,570,1,False,True,False,False,False,True,False,False,False,False,True
5,5080.5599999999995,4,1270.1399999999999,4,49,3,52,0,True,False,False,False,True,False,False,True,False,False,False
6,1103.79,4,275.9475,3,326,2,430,1,False,False,True,False,True,False,True,False,False,False,False
7,1617.13,5,323.42600000000004,61,180,3,185,1,False,True,False,False,False,True,False,True,False,False,False
8,1963.83,4,490.9575,122,334,3,335,1,False,True,False,False,True,False,False,False,True,False,False
9,6444.73,11,585.8845454545454,53,466,5,495,0,False,False,True,False,False,True,False,True,False,False,False
10,6438.6,8,804.825,60,61,4,61,1,False,True,False,False,True,False,False,True,False,False,False
11,1905.27,3,635.09,142,432,3,438,0,False,True,False,True,False,False,False,False,False,False,True
12,9783.9,5,1956.78,235,605,4,697,1,False,True,False,True,False,False,False,True,False,False,False
13,828.73,3,276.24333333333334,23,35,3,62,0,False,True,False,False,False,True,True,False,False,False,False
14,523.8199999999999,2,261.90999999999997,57,79,2,89,1,False,True,False,True,False,False,True,False,False,False,False
15,14945.55,12,1245.4624999999999,135,526,5,584,0,False,False,True,True,False,False,False,True,False,False,False
16,16108.26,12,1342.355,16,219,4,234,0,False,False,True,False,False,True,False,True,False,False,False
17,6173.9,5,1234.78,31,352,3,460,1,False,False,True,True,False,False,False,False,False,False,True
18,123.16,1,123.16,88,88,1,559,1,False,False,True,True,False,False,False,False,True,False,False
19,2017.02,9,224.11333333333334,64,683,4,691,0,False,False,True,False,True,False,False,False,True,False,False
20,871.79,3,290.59666666666664,11,385,2,409,0,False,True,False,False,True,False,True,False,False,False,False
21,2343.41,8,292.92625,37,199,5,204,0,False,True,False,False,True,False,False,True,False,False,False
22,647.03,2,323.515,272,660,1,701,1,False,True,False,False,False,True,True,False,False,False,False
23,4423.99,7,631.9985714285714,95,627,5,655,0,False,True,False,False,True,False,False,False,True,False,False
24,8104.77,12,675.3975,113,483,5,483,1,False,True,False,True,False,False,False,True,False,False,False
25,119.04,1,119.04,140,140,1,381,1,False,False,True,False,False,True,False,False,False,True,False
26,3885.06,15,259.004,77,245,5,245,1,False,True,False,False,True,False,True,False,False,False,False
27,8509.3,7,1215.6142857142856,103,553,5,581,1,True,False,False,False,True,False,False,True,False,False,False
28,2131.52,9,236.83555555555554,66,309,4,338,1,False,False,True,True,False,False,False,False,False,False,True
29,10215.74,9,1135.0822222222223,56,434,5,447,0,False,True,False,False,True,False,False,False,False,False,True
30,4071.75,9,452.4166666666667,84,439,4,541,1,False,False,True,False,False,True,False,False,False,False,True
31,893.7900000000001,4,223.44750000000002,96,283,3,294,1,False,False,True,False,True,False,True,False,False,False,False
32,1235.8600000000001,6,205.9766666666667,258,629,3,703,1,False,True,False,False,True,False,True,False,False,False,False
33,4497.74,6,749.6233333333333,61,155,3,157,1,False,True,False,True,False,False,False,False,False,False,True
34,6288.73,7,898.39,1,277,4,634,0,False,False,True,False,False,True,False,True,False,False,False
37,16083.32,15,1072.2213333333334,7,518,5,529,1,False,True,False,False,True,False,False,True,False,False,False
38,2634.0699999999997,2,1317.0349999999999,68,73,2,223,1,False,True,False,True,False,False,False,True,False,False,False
39,9168.61,12,764.0508333333333,89,491,5,529,0,True,False,False,True,False,False,False,True,False,False,False
40,18601.5,14,1328.6785714285713,89,262,5,290,1,True,False,False,False,False,True,False,True,False,False,False
41,8174.54,11,743.14,12,467,4,473,0,False,True,False,True,False,False,False,True,False,False,False
42,3644.1099999999997,9,404.90111111111105,47,410,4,454,1,False,True,False,False,True,False,False,False,False,False,True
43,5649.13,5,1129.826,116,558,3,679,0,False,False,True,False,True,False,False,True,False,False,False
44,86.32,1,86.32,415,415,1,654,1,True,False,False,False,True,False,False,True,False,False,False
45,7245.86,12,603.8216666666666,47,475,4,570,0,False,True,False,False,True,False,False,False,False,False,True
46,8824.4,10,882.4399999999999,18,789,4,797,0,False,True,False,True,False,False,False,True,False,False,False
47,14946.509999999998,7,2135.215714285714,22,255,4,355,0,False,False,True,True,False,False,False,True,False,False,False
48,8657.46,3,2885.8199999999997,8,27,3,45,0,False,True,False,False,True,False,False,True,False,False,False
49,1357.47,2,678.735,121,512,2,758,1,False,True,False,False,False,True,False,True,False,False,False
50,2781.86,1,2781.86,243,243,1,305,1,False,True,False,False,True,False,False,True,False,False,False
51,2556.86,1,2556.86,32,32,1,94,0,False,True,False,False,True,False,False,True,False,False,False
52,6055.9800000000005,7,865.1400000000001,121,789,3,794,1,False,True,False,False,False,True,False,True,False,False,False
53,4422.26,12,368.5216666666667,87,178,5,181,1,False,True,False,False,True,False,False,False,False,False,True
54,2151.19,10,215.119,96,408,5,582,1,False,True,False,True,False,False,False,False,False,False,True
55,350.2,1,350.2,0,0,1,4,0,False,True,False,False,True,False,False,True,False,False,False
56,3870.19,9,430.0211111111111,12,435,3,527,0,True,False,False,False,True,False,False,True,False,False,False
57,1051.03,3,350.3433333333333,299,385,2,626,1,False,False,True,False,False,True,False,False,False,False,True
59,10898.88,11,990.8072727272727,17,453,4,499,0,False,True,False,True,False,False,False,True,False,False,False
60,9474.68,3,3158.226666666667,98,149,1,160,0,False,True,False,False,True,False,False,True,False,False,False
62,5980.29,9,664.4766666666667,73,310,4,322,1,False,True,False,False,False,True,False,False,False,False,True
63,6251.14,7,893.0200000000001,156,683,5,768,0,False,True,False,False,True,False,False,False,False,False,True
64,2182.7799999999997,7,311.82571428571424,26,237,3,303,1,False,True,False,False,True,False,False,False,False,False,True
65,18708.92,11,1700.810909090909,28,473,4,509,0,False,True,False,False,False,True,False,True,False,False,False
66,6336.610000000001,7,905.2300000000001,108,771,3,805,1,False,True,False,True,False,False,False,False,False,False,True
67,1196.75,3,398.9166666666667,62,64,2,65,1,False,True,False,False,True,False,False,False,False,False,True
69,2366.38,5,473.276,61,198,2,330,1,False,False,True,False,True,False,False,False,False,False,True
70,8226.29,8,1028.28625,102,535,3,556,1,False,True,False,False,False,True,False,False,False,False,True
71,12825.0,12,1068.75,11,583,4,605,0,False,True,False,True,False,False,False,True,False,False,False
72,7397.07,7,1056.7242857142858,52,500,4,551,0,False,True,False,False,True,False,False,True,False,False,False
73,20503.64,15,1366.9093333333333,65,541,4,546,1,False,True,False,False,True,False,False,True,False,False,False
74,430.47,3,143.49,312,508,2,770,1,True,False,False,True,False,False,False,False,False,True,False
75,3691.41,5,738.2819999999999,17,111,3,145,0,False,False,True,False,True,False,False,False,False,False,True
76,182.32,1,182.32,311,311,1,709,1,False,True,False,False,True,False,False,True,False,False,False
77,10258.44,4,2564.61,62,75,3,78,1,False,True,False,False,True,False,False,True,False,False,False
78,3424.21,10,342.421,35,35,4,35,1,False,True,False,False,False,True,False,False,False,False,True
79,6024.53,14,430.3235714285714,92,232,5,232,1,True,False,False,False,False,True,False,False,True,False,False
80,7946.7300000000005,13,611.2869230769231,178,762,4,765,1,False,True,False,False,True,False,False,False,False,False,True
82,3581.5,7,511.64285714285717,1,90,5,95,0,True,False,False,False,True,False,False,False,True,False,False
83,6893.62,6,1148.9366666666667,136,302,4,328,1,False,True,False,True,False,False,False,True,False,False,False
84,3125.71,9,347.30111111111114,113,568,5,640,1,False,True,False,False,False,True,False,False,False,False,True
85,5817.799999999999,5,1163.56,71,316,4,383,0,True,False,False,True,False,False,False,True,False,False,False
86,2390.74,9,265.6377777777777,90,419,5,443,1,False,True,False,True,False,False,False,False,True,False,False
87,2976.65,13,228.97307692307692,103,463,5,483,0,False,True,False,False,True,False,False,False,False,False,True
88,22596.84,15,1506.456,8,791,4,806,1,False,True,False,False,True,False,False,True,False,False,False
89,634.9200000000001,4,158.73000000000002,70,414,3,417,0,False,True,False,False,True,False,True,False,False,False,False
90,2359.83,11,214.53,11,210,3,266,0,False,True,False,False,True,False,True,False,False,False,False
91,4625.75,11,420.52272727272725,14,325,5,396,0,False,True,False,False,True,False,False,False,False,False,True
92,5209.5,10,520.95,2,484,4,525,0,False,False,True,True,False,False,False,True,False,False,False
93,3937.09,8,492.13625,8,663,4,708,0,False,True,False,False,True,False,False,True,False,False,False
94,4742.15,5,948.43,14,73,4,91,0,False,True,False,False,True,False,False,True,False,False,False
95,2089.67,10,208.967,44,546,3,581,0,False,True,False,False,True,False,False,False,False,False,True
96,5879.17,15,391.94466666666665,74,553,5,562,1,True,False,False,False,True,False,False,True,False,False,False
97,17448.53,13,1342.1946153846152,16,344,5,356,0,False,True,False,False,False,True,False,True,False,False,False
98,210.15,2,105.075,62,328,2,763,0,False,True,False,False,False,True,False,True,False,False,False
99,1263.05,7,180.43571428571428,65,518,3,647,1,False,True,False,False,True,False,False,False,False,True,False
100,19858.47,13,1527.5746153846155,38,366,4,376,0,False,True,False,True,False,False,False,True,False,False,False
102,414.81,2,207.405,122,200,2,240,1,False,True,False,True,False,False,False,True,False,False,False
103,1365.72,1,1365.72,249,249,1,577,1,False,False,True,False,True,False,False,True,False,False,False
104,4824.35,8,603.04375,248,581,4,635,1,False,True,False,False,True,False,False,False,False,False,True
105,14361.75,14,1025.8392857142858,60,479,5,502,1,False,True,False,False,True,False,False,True,False,False,False
107,387.65,3,129.21666666666667,46,129,2,197,1,False,True,False,False,True,False,False,True,False,False,False
108,7171.68,11,651.9709090909091,45,655,5,733,1,False,False,True,True,False,False,False,False,False,False,True
109,4759.37,5,951.874,62,128,4,208,1,False,False,True,False,False,True,False,True,False,False,False
110,2515.56,1,2515.56,111,111,1,175,1,False,True,False,False,True,False,False,True,False,False,False
111,303.0,2,151.5,237,364,2,438,0,False,True,False,False,False,True,False,True,False,False,False
112,1394.41,3,464.80333333333334,206,605,3,659,1,False,False,True,False,False,True,False,True,False,False,False
113,7887.679999999999,7,1126.8114285714285,168,553,4,613,1,True,False,False,False,True,False,False,True,False,False,False
115,796.6,1,796.6,471,471,1,784,1,False,True,False,True,False,False,False,False,False,False,True
116,4543.59,11,413.0536363636364,91,304,4,351,1,True,False,False,False,True,False,False,False,False,False,True
117,401.26,2,200.63,621,712,1,727,1,True,False,False,False,True,False,True,False,False,False,False
118,9136.57,8,1142.07125,151,632,5,682,1,False,True,False,False,True,False,False,True,False,False,False
119,1461.54,5,292.308,4,244,5,372,0,False,True,False,False,True,False,False,True,False,False,False
120,12272.95,2,6136.475,92,177,1,498,1,False,False,True,True,False,False,False,True,False,False,False
121,8657.8,2,4328.9,66,69,2,77,1,False,False,True,False,True,False,False,True,False,False,False
122,10518.490000000002,7,1502.6414285714288,116,235,4,311,1,False,True,False,False,True,False,False,True,False,False,False
123,8159.42,2,4079.71,442,619,2,725,1,False,True,False,False,True,False,False,True,False,False,False
124,1324.94,2,662.47,50,108,2,269,0,True,False,False,False,True,False,False,False,False,False,True
125,4532.38,11,412.0345454545455,61,104,4,107,1,False,True,False,True,False,False,False,False,False,False,True
126,11794.71,15,786.314,78,594,5,614,1,False,False,True,False,True,False,False,True,False,False,False
127,9487.800000000001,12,790.6500000000001,120,401,5,402,0,False,True,False,True,False,False,False,True,False,False,False
128,484.92999999999995,3,161.64333333333332,58,202,3,498,1,True,False,False,True,False,False,True,False,False,False,False
129,749.9599999999999,2,374.97999999999996,71,83,2,118,1,False,True,False,False,True,False,False,True,False,False,False
130,9603.3,10,960.3299999999999,94,487,3,497,0,False,False,True,False,True,False,False,True,False,False,False
131,44.04,1,44.04,16,16,1,35,0,False,False,True,False,True,False,False,False,True,False,False
132,2654.5,5,530.9,61,125,3,127,1,False,True,False,False,True,False,False,False,False,False,True
133,2080.56,1,2080.56,1,1,1,78,0,False,True,False,True,False,False,False,False,False,False,True
134,7093.88,11,644.8981818181818,72,652,5,714,1,True,False,False,False,False,True,False,True,False,False,False
135,142.7,1,142.7,245,245,1,278,1,False,True,False,False,False,True,True,False,False,False,False
136,8816.19,10,881.619,86,472,4,480,0,False,True,False,False,True,False,False,True,False,False,False
137,1283.62,9,142.62444444444444,74,335,4,337,1,False,True,False,True,False,False,True,False,False,False,False
138,5312.36,8,664.045,60,323,3,323,1,False,False,True,False,False,True,False,True,False,False,False
139,3910.25,2,1955.125,25,48,2,59,0,False,True,False,False,True,False,False,True,False,False,False
140,15051.66,10,1505.166,107,237,3,241,1,False,True,False,False,False,True,False,False,False,False,True
141,10469.77,4,2617.4425,173,360,3,412,0,True,False,False,False,True,False,False,True,False,False,False
142,19775.29,8,2471.91125,63,504,3,711,1,False,True,False,True,False,False,False,True,False,False,False
143,503.52,1,503.52,112,112,1,150,1,False,True,False,False,False,True,False,True,False,False,False
144,217.92000000000002,3,72.64,143,675,2,675,1,False,True,False,False,False,True,False,False,True,False,False
145,3496.42,6,582.7366666666667,118,721,3,792,0,False,True,False,False,False,True,False,False,False,False,True
146,2459.2,4,614.8,225,422,3,422,0,False,True,False,False,False,True,False,False,False,False,True
147,8861.0,12,738.4166666666666,62,87,5,100,1,False,True,False,True,False,False,False,True,False,False,False
148,11405.87,3,3801.956666666667,62,87,2,90,1,False,True,False,False,True,False,False,True,False,False,False
149,3746.61,4,936.6525,75,329,2,425,0,False,False,True,False,True,False,False,False,False,False,True
150,6346.8099999999995,5,1269.3619999999999,87,179,3,244,1,False,True,False,False,True,False,False,True,False,False,False
151,8728.45,16,545.528125,93,542,4,544,1,False,False,True,False,False,True,False,True,False,False,False
152,15058.14,9,1673.1266666666666,26,529,3,558,1,False,True,False,False,True,False,False,True,False,False,False
153,10346.14,9,1149.5711111111111,34,417,4,532,0,False,True,False,False,False,True,False,True,False,False,False
154,2628.55,4,657.1375,35,307,4,314,0,False,True,False,False,False,True,False,False,False,False,True
156,2865.29,7,409.32714285714286,52,347,4,404,0,False,True,False,True,False,False,False,False,False,False,True
157,8820.34,12,735.0283333333333,16,361,5,379,0,True,False,False,False,False,True,False,True,False,False,False
158,7418.88,8,927.36,79,491,4,542,0,True,False,False,False,True,False,False,True,False,False,False
159,20793.49,13,1599.499230769231,5,519,5,562,1,True,False,False,False,True,False,False,True,False,False,False
160,16171.550000000001,10,1617.1550000000002,20,671,4,766,0,False,True,False,True,False,False,False,True,False,False,False
161,1316.71,5,263.342,66,426,3,464,1,False,False,True,False,False,True,False,False,False,False,True
162,935.3800000000001,3,311.79333333333335,134,160,2,195,1,True,False,False,False,True,False,False,True,False,False,False
163,2252.11,3,750.7033333333334,77,240,3,245,0,False,True,False,False,True,False,False,False,False,False,True
164,15751.039999999999,14,1125.0742857142857,152,720,5,779,0,False,True,False,False,True,False,False,True,False,False,False
165,6092.639999999999,10,609.2639999999999,20,585,4,615,0,False,True,False,True,False,False,False,True,False,False,False
166,556.95,5,111.39000000000001,83,154,4,162,1,False,True,False,False,True,False,False,True,False,False,False
167,4879.5199999999995,5,975.9039999999999,9,104,3,129,0,False,False,True,False,True,False,False,True,False,False,False
168,14991.17,15,999.4113333333333,61,162,5,181,1,False,False,True,False,True,False,False,True,False,False,False
169,622.35,2,311.175,29,36,1,56,0,False,True,False,False,True,False,True,False,False,False,False
170,10442.130000000001,7,1491.7328571428573,79,513,4,667,1,False,True,False,False,False,True,False,True,False,False,False
172,9964.21,11,905.8372727272726,37,433,4,533,0,True,False,False,False,False,True,False,False,False,False,True
173,3139.4700000000003,8,392.43375000000003,14,448,4,452,0,False,False,True,True,False,False,True,False,False,False,False
174,4707.94,7,672.5628571428571,48,292,4,295,0,False,True,False,False,False,True,False,False,True,False,False
176,972.3,2,486.15,34,53,2,106,0,False,True,False,False,True,False,False,False,False,False,True
177,122.68,1,122.68,91,91,1,229,1,False,False,True,False,False,True,False,False,True,False,False
178,5916.1,12,493.0083333333334,64,250,5,250,1,True,False,False,False,False,True,False,False,True,False,False
179,11787.79,9,1309.7544444444445,34,515,4,565,0,False,True,False,False,False,True,False,True,False,False,False
180,7032.08,10,703.208,148,551,5,713,0,False,False,True,False,False,True,False,True,False,False,False
181,3738.01,8,467.25125,213,745,5,754,1,False,True,False,True,False,False,False,True,False,False,False
182,3609.91,8,451.23875,19,443,5,491,0,False,True,False,False,False,True,False,False,False,False,True
183,8397.289999999999,9,933.0322222222221,79,260,4,295,0,False,True,False,True,False,False,False,True,False,False,False
184,746.5699999999999,2,373.28499999999997,4,6,2,49,0,False,True,False,False,False,True,False,True,False,False,False
185,7403.77,10,740.3770000000001,5,502,5,510,0,False,True,False,False,True,False,False,True,False,False,False
186,6884.28,11,625.8436363636364,62,591,5,593,0,False,True,False,False,False,True,False,True,False,False,False
187,3226.84,7,460.9771428571429,9,151,5,184,0,False,True,False,False,True,False,False,False,False,False,True
188,1832.33,7,261.76142857142855,2,96,5,99,0,False,False,True,True,False,False,False,False,False,False,True
189,2348.33,5,469.666,55,223,4,247,0,False,True,False,False,True,False,False,True,False,False,False
190,7987.84,15,532.5226666666666,119,611,5,664,1,True,False,False,False,False,True,False,False,False,False,True
191,318.6,1,318.6,187,187,1,371,1,False,False,True,False,False,True,False,False,False,False,True
192,1260.3400000000001,5,252.06800000000004,1,78,3,163,0,False,True,False,True,False,False,False,False,True,False,False
193,5355.79,6,892.6316666666667,2,119,4,126,0,False,True,False,True,False,False,False,False,False,False,True
194,921.36,2,460.68,123,459,1,805,1,True,False,False,False,True,False,False,False,True,False,False
195,9837.19,8,1229.64875,30,645,3,652,0,True,False,False,True,False,False,False,True,False,False,False
196,3525.4700000000003,12,293.7891666666667,118,729,5,809,0,False,True,False,False,True,False,False,False,True,False,False
197,12560.39,13,966.1838461538462,88,508,4,523,1,False,True,False,False,True,False,False,True,False,False,False
198,11016.220000000001,8,1377.0275000000001,80,142,4,142,1,True,False,False,False,False,True,False,True,False,False,False
199,160.46,1,160.46,280,280,1,666,1,False,True,False,False,True,False,True,False,False,False,False
200,12249.0,8,1531.125,73,466,4,471,1,False,True,False,False,False,True,False,True,False,False,False
201,4688.11,6,781.3516666666666,140,457,5,496,1,False,True,False,False,True,False,False,False,True,False,False
202,1001.38,6,166.89666666666668,522,647,5,666,1,True,False,False,True,False,False,False,False,False,False,True
203,871.8399999999999,3,290.6133333333333,147,184,2,302,0,True,False,False,False,False,True,True,False,False,False,False
205,6930.71,7,990.1014285714285,182,657,5,691,1,False,True,False,False,True,False,False,True,False,False,False
207,9019.84,14,644.2742857142857,64,765,5,806,0,True,False,False,True,False,False,False,True,False,False,False
208,19519.88,8,2439.985,19,149,4,174,0,False,True,False,False,False,True,False,True,False,False,False
209,6655.18,10,665.518,39,473,4,476,0,False,True,False,False,True,False,False,False,True,False,False
210,3761.6000000000004,3,1253.8666666666668,25,295,2,402,1,True,False,False,False,False,True,False,False,False,False,True
211,8565.630000000001,5,1713.1260000000002,1,341,4,341,0,False,True,False,False,False,True,False,True,False,False,False
212,20904.73,12,1742.0608333333332,4,599,5,614,1,False,False,True,False,True,False,False,True,False,False,False
213,3337.2400000000002,10,333.72400000000005,122,511,5,542,0,False,False,True,False,False,True,False,True,False,False,False
214,3396.06,3,1132.02,103,162,3,186,1,True,False,False,False,False,True,False,True,False,False,False
215,2817.41,3,939.1366666666667,50,50,3,50,1,True,False,False,False,True,False,False,False,True,False,False
216,3108.22,10,310.822,61,85,3,87,1,False,True,False,True,False,False,False,True,False,False,False
217,785.92,2,392.96,32,32,2,163,1,False,True,False,False,True,False,False,True,False,False,False
218,1278.06,3,426.02,60,107,2,118,0,False,True,False,False,True,False,False,False,False,False,True
219,4429.64,9,492.18222222222226,17,321,5,343,1,False,True,False,False,True,False,False,False,False,False,True
220,3383.74,3,1127.9133333333332,118,320,2,441,0,False,True,False,False,True,False,False,False,False,False,True
221,2021.44,6,336.9066666666667,12,94,4,111,0,False,True,False,False,False,True,False,False,True,False,False
222,1655.52,7,236.50285714285715,182,317,3,337,1,False,True,False,False,True,False,False,True,False,False,False
223,8392.92,9,932.5466666666666,96,556,4,577,1,False,True,False,False,False,True,False,True,False,False,False
224,18173.68,11,1652.1527272727274,78,201,5,230,1,False,True,False,True,False,False,False,True,False,False,False
225,175.4,1,175.4,276,276,1,324,1,False,True,False,False,True,False,False,True,False,False,False
226,1384.2,2,692.1,5,32,2,70,0,False,False,True,True,False,False,False,False,False,False,True
227,5962.89,12,496.9075,99,562,5,574,1,True,False,False,False,True,False,False,True,False,False,False
228,92.15,1,92.15,113,113,1,433,0,False,True,False,False,True,False,False,True,False,False,False
229,12514.869999999999,9,1390.541111111111,16,604,4,630,0,False,True,False,False,True,False,False,True,False,False,False
230,21220.19,11,1929.1081818181817,97,579,5,598,1,False,False,True,True,False,False,False,True,False,False,False
231,3937.76,4,984.44,201,265,3,296,1,True,False,False,True,False,False,False,True,False,False,False
232,5292.3099999999995,4,1323.0774999999999,11,55,3,64,0,True,False,False,False,True,False,False,True,False,False,False
234,3190.55,11,290.05,131,461,5,503,1,False,True,False,False,True,False,False,False,False,False,True
235,3399.12,7,485.5885714285714,52,253,5,284,0,False,True,False,False,False,True,False,False,False,False,True
236,15894.61,11,1444.9645454545455,97,443,4,449,1,False,True,False,False,True,False,False,True,False,False,False
237,7847.16,13,603.6276923076923,143,495,5,496,1,False,True,False,False,True,False,False,False,False,False,True
238,10224.8,6,1704.1333333333332,72,188,3,225,1,True,False,False,False,False,True,False,True,False,False,False
239,281.91,1,281.91,247,247,1,757,0,False,True,False,False,True,False,False,True,False,False,False
240,14691.75,10,1469.175,1,241,5,360,0,False,True,False,True,False,False,False,True,False,False,False
241,3020.02,3,1006.6733333333333,64,114,3,193,1,True,False,False,True,False,False,False,True,False,False,False
242,971.02,2,485.51,483,592,2,773,1,False,True,False,False,True,False,False,False,False,False,True
243,2269.32,5,453.86400000000003,165,485,3,503,1,False,True,False,False,True,False,False,False,False,False,True
244,1027.95,6,171.32500000000002,25,681,3,722,0,False,True,False,False,True,False,False,False,False,False,True
245,5960.2699999999995,10,596.0269999999999,110,456,3,502,0,False,True,False,False,True,False,False,True,False,False,False
246,3829.98,7,547.14,17,347,4,347,0,True,False,False,True,False,False,False,True,False,False,False
247,2220.78,4,555.195,56,408,2,537,0,False,True,False,False,True,False,False,False,True,False,False
248,128.62,1,128.62,72,72,1,83,1,False,True,False,False,False,True,False,False,True,False,False
249,2815.56,6,469.26,12,355,4,395,0,False,False,True,False,True,False,False,True,False,False,False
250,56.72,1,56.72,8,8,1,22,0,False,True,False,False,True,False,False,False,False,True,False
251,6154.13,6,1025.6883333333333,7,283,4,353,0,False,True,False,False,True,False,False,False,False,False,True
252,7688.62,11,698.9654545454546,7,7,5,7,1,True,False,False,False,True,False,False,True,False,False,False
253,8872.61,3,2957.536666666667,165,231,3,428,0,True,False,False,True,False,False,False,True,False,False,False
254,14191.53,6,2365.255,253,660,3,680,0,False,True,False,False,True,False,False,True,False,False,False
256,76.36,1,76.36,63,63,1,63,1,True,False,False,False,False,True,True,False,False,False,False
258,3005.98,6,500.99666666666667,22,300,3,452,1,False,True,False,True,False,False,False,True,False,False,False
259,6527.07,7,932.4385714285714,116,467,3,715,1,False,False,True,False,True,False,False,True,False,False,False
260,3053.33,3,1017.7766666666666,119,376,3,499,1,False,True,False,False,True,False,False,False,False,False,True
261,16759.420000000002,7,2394.2028571428573,66,626,4,809,1,False,True,False,True,False,False,False,True,False,False,False
262,8352.46,11,759.3145454545454,17,506,5,519,0,False,True,False,True,False,False,False,True,False,False,False
263,4846.05,6,807.6750000000001,2,2,3,2,1,True,False,False,False,False,True,False,False,False,False,True
264,6078.63,8,759.82875,60,61,4,61,1,False,True,False,False,False,True,False,False,False,False,True
265,1299.04,4,324.76,116,187,3,212,0,True,False,False,True,False,False,False,False,False,False,True
266,508.65999999999997,2,254.32999999999998,272,719,1,744,1,True,False,False,True,False,False,False,True,False,False,False
267,3953.39,6,658.8983333333333,16,630,2,631,0,False,True,False,False,False,True,False,False,False,False,True
269,5494.09,7,784.87,0,74,4,103,0,False,True,False,False,True,False,False,True,False,False,False
270,10386.150000000001,6,1731.0250000000003,90,722,3,807,1,False,True,False,True,False,False,False,True,False,False,False
271,269.46999999999997,2,134.73499999999999,165,174,1,300,1,False,True,False,False,True,False,False,False,True,False,False
272,8578.2,15,571.88,62,111,5,112,1,False,True,False,False,False,True,False,True,False,False,False
273,3723.72,9,413.74666666666667,15,626,4,684,1,True,False,False,False,False,True,False,True,False,False,False
274,7335.5,5,1467.1,6,234,3,316,1,False,True,False,False,False,True,False,True,False,False,False
275,6362.18,12,530.1816666666667,92,595,5,668,0,True,False,False,False,False,True,False,True,False,False,False
276,12926.85,14,923.3464285714286,62,212,5,213,1,False,True,False,False,True,False,False,True,False,False,False
277,738.5600000000001,2,369.28000000000003,66,262,2,281,1,False,False,True,False,False,True,False,True,False,False,False
278,5213.110000000001,9,579.2344444444445,115,494,4,550,0,False,True,False,True,False,False,False,True,False,False,False
280,2907.83,9,323.09222222222223,19,142,4,149,0,False,False,True,False,False,True,False,False,False,False,True
281,716.91,2,358.455,76,113,2,218,1,False,True,False,False,False,True,False,True,False,False,False
282,2226.71,3,742.2366666666667,63,104,2,132,1,False,True,False,False,False,True,False,False,False,False,True
283,1480.1399999999999,3,493.37999999999994,146,393,3,459,1,False,False,True,True,False,False,False,True,False,False,False
284,15872.49,10,1587.249,100,593,5,597,0,True,False,False,False,True,False,False,True,False,False,False
285,2342.51,4,585.6275,41,203,2,228,1,True,False,False,False,True,False,False,True,False,False,False
287,5127.849999999999,13,394.44999999999993,72,94,5,94,1,False,True,False,False,True,False,False,False,True,False,False
288,4227.63,8,528.45375,115,394,5,424,0,False,False,True,False,True,False,False,False,False,False,True
289,11743.84,11,1067.6218181818183,73,234,4,250,1,False,False,True,False,True,False,False,True,False,False,False
290,4265.1900000000005,3,1421.7300000000002,236,272,3,274,0,False,True,False,False,False,True,False,True,False,False,False
291,490.62,2,245.31,12,176,2,390,1,False,True,False,False,False,True,True,False,False,False,False
292,2413.4900000000002,8,301.68625000000003,96,724,4,807,1,False,False,True,False,True,False,False,True,False,False,False
293,10482.87,13,806.3746153846155,1,1,5,1,1,False,True,False,False,True,False,False,True,False,False,False
294,1745.96,7,249.42285714285714,32,257,4,271,1,False,False,True,False,True,False,False,False,False,False,True
295,4495.38,13,345.79846153846154,71,621,4,678,0,False,True,False,False,False,True,False,False,False,False,True
296,2668.1600000000003,3,889.3866666666668,0,57,3,73,0,True,False,False,False,False,True,False,False,False,False,True
297,5613.91,6,935.6516666666666,20,300,5,313,0,True,False,False,False,False,True,False,True,False,False,False
298,7692.16,12,641.0133333333333,62,583,5,601,1,False,True,False,True,False,False,False,True,False,False,False
299,8642.35,10,864.235,14,446,5,521,0,False,False,True,False,True,False,False,True,False,False,False
300,22164.43,9,2462.7144444444443,59,379,5,433,0,False,True,False,False,True,False,False,True,False,False,False
301,8194.27,5,1638.854,8,8,2,8,1,False,True,False,False,True,False,False,True,False,False,False
302,2782.63,10,278.26300000000003,17,242,5,277,0,False,False,True,True,False,False,False,False,True,False,False
303,2670.62,5,534.124,58,80,4,98,0,False,True,False,False,False,True,False,False,True,False,False
304,5491.04,6,915.1733333333333,78,622,3,667,1,False,True,False,False,False,True,False,True,False,False,False
306,1350.8899999999999,2,675.4449999999999,153,384,2,545,1,False,True,False,True,False,False,False,True,False,False,False
307,5702.46,9,633.6066666666667,186,515,5,677,1,False,True,False,False,False,True,False,False,False,False,True
308,4759.89,11,432.71727272727276,3,363,4,493,0,False,False,True,True,False,False,False,True,False,False,False
309,3563.25,12,296.9375,16,318,5,329,0,False,True,False,True,False,False,False,True,False,False,False
311,18223.16,12,1518.5966666666666,75,533,4,607,0,False,True,False,True,False,False,False,True,False,False,False
312,5987.58,14,427.6842857142857,65,349,5,356,1,False,True,False,False,True,False,False,False,False,False,True
313,2898.7,8,362.3375,10,184,4,190,0,True,False,False,False,True,False,False,False,False,False,True
314,3846.02,8,480.7525,0,269,4,454,1,False,True,False,False,False,True,False,False,True,False,False
315,1739.98,3,579.9933333333333,112,168,3,352,0,False,True,False,False,False,True,False,False,False,False,True
317,4272.85,9,474.7611111111112,7,409,5,438,0,False,True,False,False,True,False,False,False,False,False,True
318,17532.44,13,1348.6492307692306,65,609,5,611,1,False,True,False,False,False,True,False,True,False,False,False
319,2437.92,8,304.74,101,286,5,288,1,False,True,False,False,False,True,False,True,False,False,False
320,4664.0,3,1554.6666666666667,82,568,2,750,0,False,False,True,False,True,False,False,True,False,False,False
321,6003.82,6,1000.6366666666667,11,364,4,393,0,False,True,False,False,True,False,False,True,False,False,False
322,4356.91,5,871.382,45,143,3,165,0,False,False,True,False,True,False,False,False,False,False,True
323,9452.79,14,675.1992857142858,64,301,5,319,1,False,False,True,True,False,False,False,False,False,False,True
324,276.46000000000004,2,138.23000000000002,48,321,1,324,1,True,False,False,False,True,False,False,False,True,False,False
325,4545.3,4,1136.325,61,68,2,71,1,False,True,False,False,True,False,False,True,False,False,False
326,1987.24,7,283.89142857142855,65,96,5,104,1,False,True,False,False,False,True,True,False,False,False,False
327,1833.4099999999999,7,261.9157142857143,6,320,2,403,0,False,True,False,False,True,False,False,True,False,False,False
328,1584.56,5,316.912,33,338,4,429,0,False,True,False,False,False,True,False,False,True,False,False
329,388.08,1,388.08,11,11,1,18,0,False,True,False,False,False,True,False,False,False,False,True
330,167.93,1,167.93,8,8,1,40,0,False,True,False,False,True,False,False,True,False,False,False
331,3356.02,4,839.005,184,369,3,404,1,False,True,False,True,False,False,False,True,False,False,False
333,2085.82,6,347.6366666666667,9,284,4,284,0,False,True,False,True,False,False,False,True,False,False,False
334,744.03,2,372.015,312,557,2,681,1,False,True,False,False,False,True,False,True,False,False,False
335,272.14,2,136.07,21,42,2,47,0,False,False,True,False,False,True,True,False,False,False,False
336,4872.5,5,974.5,1,576,2,602,0,False,True,False,False,True,False,False,False,False,False,True
337,5501.9400000000005,11,500.1763636363637,25,574,5,599,0,False,True,False,False,False,True,False,False,False,False,True
338,10741.47,15,716.098,87,537,5,589,1,False,True,False,False,True,False,False,True,False,False,False
339,3519.3199999999997,4,879.8299999999999,93,208,2,229,1,False,True,False,False,True,False,False,True,False,False,False
340,2384.94,3,794.98,192,352,2,509,0,False,True,False,True,False,False,False,False,True,False,False
341,4300.57,4,1075.1425,81,190,2,236,1,False,True,False,False,True,False,False,True,False,False,False
342,8580.300000000001,2,4290.150000000001,152,178,2,336,0,False,True,False,True,False,False,False,True,False,False,False
343,9935.85,10,993.585,17,277,4,288,0,False,False,True,False,True,False,False,True,False,False,False
344,4513.16,5,902.632,63,160,4,172,1,False,True,False,True,False,False,False,True,False,False,False
345,6281.46,12,523.455,18,289,5,295,0,False,True,False,True,False,False,False,True,False,False,False
346,13126.779999999999,10,1312.6779999999999,67,348,4,385,1,False,True,False,False,True,False,False,True,False,False,False
347,1900.69,7,271.52714285714285,3,578,4,593,0,False,True,False,False,False,True,False,False,False,False,True
348,6202.1,4,1550.525,116,405,3,410,1,False,False,True,False,True,False,False,True,False,False,False
349,507.05,3,169.01666666666668,252,459,2,553,1,False,True,False,False,False,True,True,False,False,False,False
350,299.77,2,149.885,68,321,2,334,1,True,False,False,False,False,True,False,True,False,False,False
351,19955.4,14,1425.3857142857144,203,748,5,771,1,False,True,False,False,False,True,False,True,False,False,False
353,5956.9800000000005,8,744.6225000000001,52,695,3,696,0,True,False,False,True,False,False,False,True,False,False,False
354,4194.1900000000005,3,1398.0633333333335,36,188,2,782,1,False,False,True,True,False,False,False,False,False,False,True
355,2851.39,6,475.2316666666666,89,323,3,412,1,False,True,False,False,True,False,False,False,False,False,True
356,6022.219999999999,8,752.7774999999999,158,657,4,696,1,False,True,False,False,False,True,False,True,False,False,False
357,411.72,2,205.86,0,18,2,29,0,False,True,False,False,True,False,True,False,False,False,False
358,463.53,1,463.53,516,516,1,695,1,True,False,False,False,True,False,True,False,False,False,False
359,9738.89,13,749.1453846153846,66,74,5,75,1,False,True,False,True,False,False,False,True,False,False,False
360,11305.49,13,869.6530769230769,59,531,5,618,0,False,True,False,True,False,False,False,True,False,False,False
361,2415.7,7,345.09999999999997,10,80,4,80,0,False,True,False,False,True,False,True,False,False,False,False
362,2878.4,5,575.6800000000001,4,29,3,38,0,True,False,False,False,True,False,False,True,False,False,False
363,7958.68,7,1136.9542857142858,42,628,3,722,0,False,False,True,False,True,False,False,True,False,False,False
364,3216.2,7,459.45714285714286,61,416,4,421,1,True,False,False,False,False,True,False,False,False,False,True
365,5433.08,7,776.1542857142857,3,237,4,263,0,False,True,False,False,True,False,False,False,False,False,True
366,13178.13,9,1464.2366666666667,8,605,3,782,1,False,True,False,False,False,True,False,True,False,False,False
367,25432.89,13,1956.3761538461538,71,388,5,394,1,False,False,True,False,True,False,False,True,False,False,False
368,9339.67,13,718.4361538461538,82,499,4,519,1,False,True,False,False,True,False,False,True,False,False,False
369,736.35,4,184.0875,0,15,3,19,0,False,True,False,True,False,False,False,False,False,True,False
370,11641.43,13,895.4946153846154,69,355,5,392,1,False,False,True,False,False,True,False,True,False,False,False
371,9660.05,4,2415.0125,70,92,3,120,0,False,True,False,False,False,True,False,True,False,False,False
372,7654.68,8,956.835,133,690,4,769,1,False,True,False,False,True,False,False,False,False,False,True
373,5771.02,12,480.91833333333335,78,242,5,246,1,False,True,False,False,True,False,False,False,False,False,True
374,11641.83,12,970.1525,60,124,5,124,1,False,True,False,False,False,True,False,True,False,False,False
375,15820.109999999999,10,1582.011,37,586,3,790,0,True,False,False,False,False,True,False,True,False,False,False
377,21799.07,14,1557.0764285714286,86,273,4,338,1,False,True,False,False,False,True,False,True,False,False,False
379,13239.65,13,1018.4346153846153,72,223,5,253,1,False,True,False,True,False,False,False,True,False,False,False
380,7044.76,10,704.476,122,188,5,232,1,True,False,False,False,True,False,False,True,False,False,False
381,339.06,2,169.53,62,73,2,83,1,False,True,False,False,True,False,True,False,False,False,False
383,84.62,1,84.62,93,93,1,110,0,False,True,False,False,False,True,False,False,False,True,False
384,7427.11,12,618.9258333333333,88,224,5,228,1,True,False,False,False,True,False,False,False,False,False,True
385,11534.039999999999,10,1153.404,19,557,3,572,0,False,True,False,False,True,False,False,True,False,False,False
386,6670.78,13,513.136923076923,64,155,5,162,1,False,True,False,False,False,True,False,False,False,False,True
387,3623.36,8,452.92,61,454,4,455,1,False,False,True,False,True,False,False,False,False,False,True
388,7256.78,11,659.7072727272727,76,255,4,263,1,True,False,False,True,False,False,False,True,False,False,False
389,2780.32,1,2780.32,464,464,1,538,1,True,False,False,True,False,False,False,True,False,False,False
390,8374.67,2,4187.335,104,452,1,455,0,False,True,False,False,True,False,False,True,False,False,False
391,1676.65,2,838.325,12,105,2,125,0,False,False,True,False,True,False,False,True,False,False,False
392,12425.86,15,828.3906666666667,9,686,5,778,1,False,True,False,False,False,True,False,True,False,False,False
393,689.99,3,229.99666666666667,17,67,3,96,0,False,True,False,False,True,False,True,False,False,False,False
394,4526.5599999999995,7,646.6514285714285,8,243,4,293,0,True,False,False,False,False,True,False,False,False,False,True
395,2597.58,5,519.516,114,366,4,688,1,True,False,False,False,True,False,False,False,False,False,True
396,20568.04,14,1469.1457142857143,101,372,5,415,1,False,True,False,False,True,False,False,True,False,False,False
397,41.62,1,41.62,523,523,1,523,1,False,True,False,False,True,False,False,False,False,True,False
398,1321.11,1,1321.11,59,59,1,176,0,False,False,True,False,True,False,False,False,False,False,True
399,11284.22,13,868.016923076923,66,431,4,480,1,True,False,False,False,False,True,False,True,False,False,False
400,4310.6,5,862.1200000000001,90,459,4,523,0,False,True,False,False,False,True,False,True,False,False,False
401,240.14,1,240.14,206,206,1,336,1,False,True,False,True,False,False,False,False,False,True,False
402,6228.69,3,2076.23,61,582,3,671,0,False,True,False,True,False,False,False,True,False,False,False
403,2679.74,3,893.2466666666666,30,387,3,636,1,True,False,False,False,False,True,False,False,True,False,False
404,6761.01,7,965.8585714285715,76,229,5,230,1,False,True,False,False,False,True,False,True,False,False,False
405,24005.05,11,2182.2772727272727,17,370,5,382,0,False,True,False,True,False,False,False,True,False,False,False
406,6406.0,10,640.6,157,725,3,746,0,False,True,False,False,True,False,False,True,False,False,False
407,8570.39,15,571.3593333333333,84,653,5,668,0,False,True,False,False,True,False,False,False,False,False,True
408,10839.89,7,1548.5557142857142,77,114,4,119,1,True,False,False,True,False,False,False,True,False,False,False
409,6856.97,6,1142.8283333333334,28,388,3,700,1,False,True,False,False,False,True,False,False,False,False,True
410,9822.83,8,1227.85375,52,216,3,240,0,False,False,True,False,False,True,False,True,False,False,False
411,3675.91,10,367.591,82,467,4,630,0,False,True,False,False,True,False,False,False,False,False,True
412,202.64999999999998,2,101.32499999999999,131,217,2,441,1,False,False,True,False,True,False,False,False,True,False,False
413,2875.55,7,410.79285714285714,37,716,4,727,1,True,False,False,False,True,False,False,False,False,False,True
414,6969.52,14,497.8228571428572,60,369,5,373,1,False,True,False,False,False,True,False,True,False,False,False
415,547.98,1,547.98,228,228,1,688,1,False,False,True,False,True,False,False,True,False,False,False
416,1371.44,5,274.288,82,610,3,738,1,True,False,False,False,True,False,False,False,False,False,True
417,6258.41,12,521.5341666666667,46,389,4,416,1,False,True,False,False,True,False,False,False,False,False,True
418,5747.969999999999,6,957.9949999999999,119,359,3,376,1,False,True,False,False,False,True,False,False,False,False,True
419,7342.99,10,734.299,30,545,4,592,0,False,False,True,False,False,True,False,True,False,False,False
420,1268.96,9,140.99555555555557,33,690,4,691,1,False,True,False,True,False,False,False,False,False,True,False
